email,companyName,hrName,position,industry,companyType,location,companyWebsite
hr@tcs.co.in,Tcs,HR Manager,Software Developer,Information Technology,Technology Company,Jaipur, Rajasthan,https://tcs.co.in
careers@tcs.co.in,Tcs,Recruitment Team,Software Developer,Information Technology,Technology Company,Jaipur, Rajasthan,https://tcs.co.in
careers@wipro.com,Wipro,Recruitment Team,Software Developer,Information Technology,Technology Company,Jaipur, Rajasthan,https://wipro.com
hr@wipro.com,Wipro,HR Manager,Software Developer,Information Technology,Technology Company,Jaipur, Rajasthan,https://wipro.com
careers@infosys.com,Infosys,Recruitment Team,Software Developer,Information Technology,Technology Company,Jaipur, Rajasthan,https://infosys.com
hr@infosys.com,Infosys,HR Manager,Software Developer,Information Technology,Technology Company,Jaipur, Rajasthan,https://infosys.com
recruitment@hcl.com,Hcl,Recruitment Team,Software Developer,Information Technology,Technology Company,Jaipur, Rajasthan,https://hcl.com
careers@hcl.com,Hcl,Recruitment Team,Software Developer,Information Technology,Technology Company,Jaipur, Rajasthan,https://hcl.com
careers@techmahindra.com,Techmahindra,Recruitment Team,Software Developer,Information Technology,Technology Company,Jaipur, Rajasthan,https://techmahindra.com
hr@techmahindra.com,Techmahindra,HR Manager,Software Developer,Information Technology,Technology Company,Jaipur, Rajasthan,https://techmahindra.com
careers@genpact.com,Genpact,Recruitment Team,Software Developer,Information Technology,Technology Company,Jaipur, Rajasthan,https://genpact.com
hr@genpact.com,Genpact,HR Manager,Software Developer,Information Technology,Technology Company,Jaipur, Rajasthan,https://genpact.com
careers@appirio.com,Appirio,Recruitment Team,Software Developer,Information Technology,Technology Company,Jaipur, Rajasthan,https://appirio.com
hr@appirio.com,Appirio,HR Manager,Software Developer,Information Technology,Technology Company,Jaipur, Rajasthan,https://appirio.com
careers@nagarro.com,Nagarro,Recruitment Team,Software Developer,Information Technology,Technology Company,Jaipur, Rajasthan,https://nagarro.com
hr@nagarro.com,Nagarro,HR Manager,Software Developer,Information Technology,Technology Company,Jaipur, Rajasthan,https://nagarro.com
careers@mindtree.com,Mindtree,Recruitment Team,Software Developer,Information Technology,Technology Company,Jaipur, Rajasthan,https://mindtree.com
hr@mindtree.com,Mindtree,HR Manager,Software Developer,Information Technology,Technology Company,Jaipur, Rajasthan,https://mindtree.com
careers@cognizant.com,Cognizant,Recruitment Team,Software Developer,Information Technology,Technology Company,Jaipur, Rajasthan,https://cognizant.com
hr@cognizant.com,Cognizant,HR Manager,Software Developer,Information Technology,Technology Company,Jaipur, Rajasthan,https://cognizant.com
careers@accenture.com,Accenture,Recruitment Team,Software Developer,Information Technology,Technology Company,Jaipur, Rajasthan,https://accenture.com
hr@accenture.com,Accenture,HR Manager,Software Developer,Information Technology,Technology Company,Jaipur, Rajasthan,https://accenture.com
careers@capgemini.com,Capgemini,Recruitment Team,Software Developer,Information Technology,Technology Company,Jaipur, Rajasthan,https://capgemini.com
hr@capgemini.com,Capgemini,HR Manager,Software Developer,Information Technology,Technology Company,Jaipur, Rajasthan,https://capgemini.com
careers@mphasis.com,Mphasis,Recruitment Team,Software Developer,Information Technology,Technology Company,Jaipur, Rajasthan,https://mphasis.com
hr@mphasis.com,Mphasis,HR Manager,Software Developer,Information Technology,Technology Company,Jaipur, Rajasthan,https://mphasis.com
careers@zensar.com,Zensar,Recruitment Team,Software Developer,Information Technology,Technology Company,Jaipur, Rajasthan,https://zensar.com
hr@zensar.com,Zensar,HR Manager,Software Developer,Information Technology,Technology Company,Jaipur, Rajasthan,https://zensar.com
careers@cg-vak.com,Cg Vak,Recruitment Team,Software Developer,Information Technology,Technology Company,Jaipur, Rajasthan,https://cg-vak.com
recruitment@ltts.com,Ltts,Recruitment Team,Software Developer,Information Technology,Technology Company,Jaipur, Rajasthan,https://ltts.com
hr@innovher.com,Innovher,HR Manager,Software Developer,Information Technology,Technology Company,Jaipur, Rajasthan,https://innovher.com
hr@deqode.com,Deqode,HR Manager,Software Developer,Information Technology,Technology Company,Jaipur, Rajasthan,https://deqode.com
hr@cyntexa.com,Cyntexa,HR Manager,Software Developer,Information Technology,Technology Company,Jaipur, Rajasthan,https://cyntexa.com
hr@saginfotech.com,Saginfotech,HR Manager,Software Developer,Information Technology,Technology Company,Jaipur, Rajasthan,https://saginfotech.com
info@bottomfunnel.net,Bottomfunnel,Hiring Manager,Software Developer,Information Technology,Technology Company,Jaipur, Rajasthan,https://bottomfunnel.net
hr@bottomfunnel.net,Bottomfunnel,HR Manager,Software Developer,Information Technology,Technology Company,Jaipur, Rajasthan,https://bottomfunnel.net
solutions@axestrack.com,Axestrack,Hiring Manager,Software Developer,Information Technology,Technology Company,Jaipur, Rajasthan,https://axestrack.com
hr@axestrack.com,Axestrack,HR Manager,Software Developer,Information Technology,Technology Company,Jaipur, Rajasthan,https://axestrack.com
hr@dotsquares.com,Dotsquares,HR Manager,Software Developer,Information Technology,Technology Company,Jaipur, Rajasthan,https://dotsquares.com
hrd@metacube.com,Metacube,HR Manager,Software Developer,Information Technology,Technology Company,Jaipur, Rajasthan,https://metacube.com
hr@metacube.com,Metacube,HR Manager,Software Developer,Information Technology,Technology Company,Jaipur, Rajasthan,https://metacube.com
hr@biz4group.com,Biz4group,HR Manager,Software Developer,Information Technology,Technology Company,Jaipur, Rajasthan,https://biz4group.com
hr@webkul.com,Webkul,HR Manager,Software Developer,Information Technology,Technology Company,Jaipur, Rajasthan,https://webkul.com
careers@geekyants.com,Geekyants,Recruitment Team,Software Developer,Information Technology,Technology Company,Jaipur, Rajasthan,https://geekyants.com
hr@geekyants.com,Geekyants,HR Manager,Software Developer,Information Technology,Technology Company,Jaipur, Rajasthan,https://geekyants.com
career@yudiz.com,Yudiz,Recruitment Team,Software Developer,Information Technology,Technology Company,Jaipur, Rajasthan,https://yudiz.com
hr@yudiz.com,Yudiz,HR Manager,Software Developer,Information Technology,Technology Company,Jaipur, Rajasthan,https://yudiz.com
info@kistechnosoftware.in,Kistechnosoftware,Hiring Manager,Software Developer,Information Technology,Technology Company,Jaipur, Rajasthan,https://kistechnosoftware.in
hr@semidotinfotech.com,Semidotinfotech,HR Manager,Software Developer,Information Technology,Technology Company,Jaipur, Rajasthan,https://semidotinfotech.com
hr@synarionit.com,Synarionit,HR Manager,Software Developer,Information Technology,Technology Company,Jaipur, Rajasthan,https://synarionit.com
contact@creato.in,Creato,Hiring Manager,Software Developer,Information Technology,Technology Company,Jaipur, Rajasthan,https://creato.in
nitin@brsoftech.com,Brsoftech,Hiring Manager,Software Developer,Information Technology,Technology Company,Jaipur, Rajasthan,https://brsoftech.com
skwork91@gmail.com,Gmail,Hiring Manager,Software Developer,Information Technology,Technology Company,Jaipur, Rajasthan,https://gmail.com
info@aryavratinfotech.com,Aryavratinfotech,Hiring Manager,Software Developer,Information Technology,Technology Company,Jaipur, Rajasthan,https://aryavratinfotech.com
info@a3logics.com,A3logics,Hiring Manager,Software Developer,Information Technology,Technology Company,Jaipur, Rajasthan,https://a3logics.com
hr@a3logics.com,A3logics,HR Manager,Software Developer,Information Technology,Technology Company,Jaipur, Rajasthan,https://a3logics.com
hr@girnarsoft.com,Girnarsoft,HR Manager,Software Developer,Information Technology,Technology Company,Jaipur, Rajasthan,https://girnarsoft.com
contact@girnarsoft.com,Girnarsoft,Hiring Manager,Software Developer,Information Technology,Technology Company,Jaipur, Rajasthan,https://girnarsoft.com
info@technoloader.com,Technoloader,Hiring Manager,Software Developer,Information Technology,Technology Company,Jaipur, Rajasthan,https://technoloader.com
hr@technoloader.com,Technoloader,HR Manager,Software Developer,Information Technology,Technology Company,Jaipur, Rajasthan,https://technoloader.com
info@softtechindia.in,Softtechindia,Hiring Manager,Software Developer,Information Technology,Technology Company,Jaipur, Rajasthan,https://softtechindia.in
hr@softtechindia.in,Softtechindia,HR Manager,Software Developer,Information Technology,Technology Company,Jaipur, Rajasthan,https://softtechindia.in
info@premad.in,Premad,Hiring Manager,Software Developer,Information Technology,Technology Company,Jaipur, Rajasthan,https://premad.in
hr@premad.in,Premad,HR Manager,Software Developer,Information Technology,Technology Company,Jaipur, Rajasthan,https://premad.in
contact@emizen.tech,Emizen,Hiring Manager,Software Developer,Information Technology,Technology Company,Jaipur, Rajasthan,https://emizen.tech
hr@emizen.tech,Emizen,HR Manager,Software Developer,Information Technology,Technology Company,Jaipur, Rajasthan,https://emizen.tech
info@coadal.com,Coadal,Hiring Manager,Software Developer,Information Technology,Technology Company,Jaipur, Rajasthan,https://coadal.com
hr@coadal.com,Coadal,HR Manager,Software Developer,Information Technology,Technology Company,Jaipur, Rajasthan,https://coadal.com
mohit.singhal@kadamtech.com,Kadamtech,Hiring Manager,Software Developer,Information Technology,Technology Company,Jaipur, Rajasthan,https://kadamtech.com
info@kadamtech.com,Kadamtech,Hiring Manager,Software Developer,Information Technology,Technology Company,Jaipur, Rajasthan,https://kadamtech.com
hr@ckjinter.com,Ckjinter,HR Manager,Software Developer,Information Technology,Technology Company,Jaipur, Rajasthan,https://ckjinter.com
contact@ckjinter.com,Ckjinter,Hiring Manager,Software Developer,Information Technology,Technology Company,Jaipur, Rajasthan,https://ckjinter.com
info@eglitz.com,Eglitz,Hiring Manager,Software Developer,Information Technology,Technology Company,Jaipur, Rajasthan,https://eglitz.com
hr@eglitz.com,Eglitz,HR Manager,Software Developer,Information Technology,Technology Company,Jaipur, Rajasthan,https://eglitz.com
contact@mleshredtray.com,Mleshredtray,Hiring Manager,Software Developer,Information Technology,Technology Company,Jaipur, Rajasthan,https://mleshredtray.com
hr@mleshredtray.com,Mleshredtray,HR Manager,Software Developer,Information Technology,Technology Company,Jaipur, Rajasthan,https://mleshredtray.com
info@ampliflex.in,Ampliflex,Hiring Manager,Software Developer,Information Technology,Technology Company,Jaipur, Rajasthan,https://ampliflex.in
hr@ampliflex.in,Ampliflex,HR Manager,Software Developer,Information Technology,Technology Company,Jaipur, Rajasthan,https://ampliflex.in
info@hyperlinksoftwares.com,Hyperlinksoftwares,Hiring Manager,Software Developer,Information Technology,Technology Company,Jaipur, Rajasthan,https://hyperlinksoftwares.com
career@hyperlinksoftwares.com,Hyperlinksoftwares,Recruitment Team,Software Developer,Information Technology,Technology Company,Jaipur, Rajasthan,https://hyperlinksoftwares.com
hr@scnatech.com,Scnatech,HR Manager,Software Developer,Information Technology,Technology Company,Jaipur, Rajasthan,https://scnatech.com
contact@scnatech.com,Scnatech,Hiring Manager,Software Developer,Information Technology,Technology Company,Jaipur, Rajasthan,https://scnatech.com
hr@tetraskelion.com,Tetraskelion,HR Manager,Software Developer,Information Technology,Technology Company,Jaipur, Rajasthan,https://tetraskelion.com
smsofttech@live.in,Live,Hiring Manager,Software Developer,Information Technology,Technology Company,Jaipur, Rajasthan,https://live.in
info@achieverinfotech.com,Achieverinfotech,Hiring Manager,Software Developer,Information Technology,Technology Company,Jaipur, Rajasthan,https://achieverinfotech.com
hr@achieverinfotech.com,Achieverinfotech,HR Manager,Software Developer,Information Technology,Technology Company,Jaipur, Rajasthan,https://achieverinfotech.com
contact@iis-jaipur.com,Iis Jaipur,Hiring Manager,Software Developer,Information Technology,Technology Company,Jaipur, Rajasthan,https://iis-jaipur.com
hr@iis-jaipur.com,Iis Jaipur,HR Manager,Software Developer,Information Technology,Technology Company,Jaipur, Rajasthan,https://iis-jaipur.com
info@compusysjaipur.com,Compusysjaipur,Hiring Manager,Software Developer,Information Technology,Technology Company,Jaipur, Rajasthan,https://compusysjaipur.com
hr@compusysjaipur.com,Compusysjaipur,HR Manager,Software Developer,Information Technology,Technology Company,Jaipur, Rajasthan,https://compusysjaipur.com
contact@xphius.com,Xphius,Hiring Manager,Software Developer,Information Technology,Technology Company,Jaipur, Rajasthan,https://xphius.com
hr@xphius.com,Xphius,HR Manager,Software Developer,Information Technology,Technology Company,Jaipur, Rajasthan,https://xphius.com
info@apptech-india.com,Apptech India,Hiring Manager,Software Developer,Information Technology,Technology Company,Jaipur, Rajasthan,https://apptech-india.com
hr@apptech-india.com,Apptech India,HR Manager,Software Developer,Information Technology,Technology Company,Jaipur, Rajasthan,https://apptech-india.com
info@compucom.in,Compucom,Hiring Manager,Software Developer,Information Technology,Technology Company,Jaipur, Rajasthan,https://compucom.in
hr@compucom.in,Compucom,HR Manager,Software Developer,Information Technology,Technology Company,Jaipur, Rajasthan,https://compucom.in
contact@capsit.in,Capsit,Hiring Manager,Software Developer,Information Technology,Technology Company,Jaipur, Rajasthan,https://capsit.in
hr@capsit.in,Capsit,HR Manager,Software Developer,Information Technology,Technology Company,Jaipur, Rajasthan,https://capsit.in
info@naturaltechnology.in,Naturaltechnology,Hiring Manager,Software Developer,Information Technology,Technology Company,Jaipur, Rajasthan,https://naturaltechnology.in
hr@naturaltechnology.in,Naturaltechnology,HR Manager,Software Developer,Information Technology,Technology Company,Jaipur, Rajasthan,https://naturaltechnology.in
contact@newerasystem.com,Newerasystem,Hiring Manager,Software Developer,Information Technology,Technology Company,Jaipur, Rajasthan,https://newerasystem.com
hr@newerasystem.com,Newerasystem,HR Manager,Software Developer,Information Technology,Technology Company,Jaipur, Rajasthan,https://newerasystem.com
info@oasisinfotech.com,Oasisinfotech,Hiring Manager,Software Developer,Information Technology,Technology Company,Jaipur, Rajasthan,https://oasisinfotech.com
hr@oasisinfotech.com,Oasisinfotech,HR Manager,Software Developer,Information Technology,Technology Company,Jaipur, Rajasthan,https://oasisinfotech.com
contact@shreeinfo.in,Shreeinfo,Hiring Manager,Software Developer,Information Technology,Technology Company,Jaipur, Rajasthan,https://shreeinfo.in
hr@shreeinfo.in,Shreeinfo,HR Manager,Software Developer,Information Technology,Technology Company,Jaipur, Rajasthan,https://shreeinfo.in
info@miracletech.in,Miracletech,Hiring Manager,Software Developer,Information Technology,Technology Company,Jaipur, Rajasthan,https://miracletech.in
hr@miracletech.in,Miracletech,HR Manager,Software Developer,Information Technology,Technology Company,Jaipur, Rajasthan,https://miracletech.in
contact@deshmediventures.com,Deshmediventures,Hiring Manager,Software Developer,Information Technology,Technology Company,Jaipur, Rajasthan,https://deshmediventures.com
hr@deshmediventures.com,Deshmediventures,HR Manager,Software Developer,Information Technology,Technology Company,Jaipur, Rajasthan,https://deshmediventures.com
info@zetnetindia.com,Zetnetindia,Hiring Manager,Software Developer,Information Technology,Technology Company,Jaipur, Rajasthan,https://zetnetindia.com
hr@zetnetindia.com,Zetnetindia,HR Manager,Software Developer,Information Technology,Technology Company,Jaipur, Rajasthan,https://zetnetindia.com
contact@redyprint.com,Redyprint,Hiring Manager,Software Developer,Information Technology,Technology Company,Jaipur, Rajasthan,https://redyprint.com
hr@redyprint.com,Redyprint,HR Manager,Software Developer,Information Technology,Technology Company,Jaipur, Rajasthan,https://redyprint.com
info@virtualcorp.in,Virtualcorp,Hiring Manager,Software Developer,Information Technology,Technology Company,Jaipur, Rajasthan,https://virtualcorp.in
hr@virtualcorp.in,Virtualcorp,HR Manager,Software Developer,Information Technology,Technology Company,Jaipur, Rajasthan,https://virtualcorp.in
contact@wolkgeist.com,Wolkgeist,Hiring Manager,Software Developer,Information Technology,Technology Company,Jaipur, Rajasthan,https://wolkgeist.com
hr@wolkgeist.com,Wolkgeist,HR Manager,Software Developer,Information Technology,Technology Company,Jaipur, Rajasthan,https://wolkgeist.com
info@jaipurinfovision.com,Jaipurinfovision,Hiring Manager,Software Developer,Information Technology,Technology Company,Jaipur, Rajasthan,https://jaipurinfovision.com
hr@jaipurinfovision.com,Jaipurinfovision,HR Manager,Software Developer,Information Technology,Technology Company,Jaipur, Rajasthan,https://jaipurinfovision.com
info@iascwebdesign.com,Iascwebdesign,Hiring Manager,Software Developer,Information Technology,Technology Company,Jaipur, Rajasthan,https://iascwebdesign.com
hr@iascwebdesign.com,Iascwebdesign,HR Manager,Software Developer,Information Technology,Technology Company,Jaipur, Rajasthan,https://iascwebdesign.com
contact@coreappslab.com,Coreappslab,Hiring Manager,Software Developer,Information Technology,Technology Company,Jaipur, Rajasthan,https://coreappslab.com
hr@coreappslab.com,Coreappslab,HR Manager,Software Developer,Information Technology,Technology Company,Jaipur, Rajasthan,https://coreappslab.com
info@sarvika.in,Sarvika,Hiring Manager,Software Developer,Information Technology,Technology Company,Jaipur, Rajasthan,https://sarvika.in
hr@sarvika.in,Sarvika,HR Manager,Software Developer,Information Technology,Technology Company,Jaipur, Rajasthan,https://sarvika.in
contact@stco-india.com,Stco India,Hiring Manager,Software Developer,Information Technology,Technology Company,Jaipur, Rajasthan,https://stco-india.com
hr@stco-india.com,Stco India,HR Manager,Software Developer,Information Technology,Technology Company,Jaipur, Rajasthan,https://stco-india.com
info@ellementry.in,Ellementry,Hiring Manager,Software Developer,Information Technology,Technology Company,Jaipur, Rajasthan,https://ellementry.in
hr@ellementry.in,Ellementry,HR Manager,Software Developer,Information Technology,Technology Company,Jaipur, Rajasthan,https://ellementry.in
careers@collegedunia.com,Collegedunia,Recruitment Team,Software Developer,Information Technology,Technology Company,Jaipur, Rajasthan,https://collegedunia.com
hr@collegedunia.com,Collegedunia,HR Manager,Software Developer,Information Technology,Technology Company,Jaipur, Rajasthan,https://collegedunia.com
contact@robomq.in,Robomq,Hiring Manager,Software Developer,Information Technology,Technology Company,Jaipur, Rajasthan,https://robomq.in
hr@robomq.in,Robomq,HR Manager,Software Developer,Information Technology,Technology Company,Jaipur, Rajasthan,https://robomq.in
info@cimet.in,Cimet,Hiring Manager,Software Developer,Information Technology,Technology Company,Jaipur, Rajasthan,https://cimet.in
hr@cimet.in,Cimet,HR Manager,Software Developer,Information Technology,Technology Company,Jaipur, Rajasthan,https://cimet.in
contact@firstfiling.com,Firstfiling,Hiring Manager,Software Developer,Information Technology,Technology Company,Jaipur, Rajasthan,https://firstfiling.com
hr@firstfiling.com,Firstfiling,HR Manager,Software Developer,Information Technology,Technology Company,Jaipur, Rajasthan,https://firstfiling.com
info@microlent.com,Microlent,Hiring Manager,Software Developer,Information Technology,Technology Company,Jaipur, Rajasthan,https://microlent.com
hr@microlent.com,Microlent,HR Manager,Software Developer,Information Technology,Technology Company,Jaipur, Rajasthan,https://microlent.com
contact@daksh-infosoft.com,Daksh Infosoft,Hiring Manager,Software Developer,Information Technology,Technology Company,Jaipur, Rajasthan,https://daksh-infosoft.com
hr@daksh-infosoft.com,Daksh Infosoft,HR Manager,Software Developer,Information Technology,Technology Company,Jaipur, Rajasthan,https://daksh-infosoft.com
info@devtechnosys.com,Devtechnosys,Hiring Manager,Software Developer,Information Technology,Technology Company,Jaipur, Rajasthan,https://devtechnosys.com
hr@devtechnosys.com,Devtechnosys,HR Manager,Software Developer,Information Technology,Technology Company,Jaipur, Rajasthan,https://devtechnosys.com
contact@globallancers.in,Globallancers,Hiring Manager,Software Developer,Information Technology,Technology Company,Jaipur, Rajasthan,https://globallancers.in
hr@globallancers.in,Globallancers,HR Manager,Software Developer,Information Technology,Technology Company,Jaipur, Rajasthan,https://globallancers.in
info@asiagrecruit.com,Asiagrecruit,Hiring Manager,Software Developer,Information Technology,Technology Company,Jaipur, Rajasthan,https://asiagrecruit.com
hr@asiagrecruit.com,Asiagrecruit,HR Manager,Software Developer,Information Technology,Technology Company,Jaipur, Rajasthan,https://asiagrecruit.com
contact@owebest.com,Owebest,Hiring Manager,Software Developer,Information Technology,Technology Company,Jaipur, Rajasthan,https://owebest.com
hr@owebest.com,Owebest,HR Manager,Software Developer,Information Technology,Technology Company,Jaipur, Rajasthan,https://owebest.com
info@aha-machines.in,Aha Machines,Hiring Manager,Software Developer,Information Technology,Technology Company,Jaipur, Rajasthan,https://aha-machines.in
hr@aha-machines.in,Aha Machines,HR Manager,Software Developer,Information Technology,Technology Company,Jaipur, Rajasthan,https://aha-machines.in
contact@aleait.in,Aleait,Hiring Manager,Software Developer,Information Technology,Technology Company,Jaipur, Rajasthan,https://aleait.in
hr@aleait.in,Aleait,HR Manager,Software Developer,Information Technology,Technology Company,Jaipur, Rajasthan,https://aleait.in
info@softhunters.com,Softhunters,Hiring Manager,Software Developer,Information Technology,Technology Company,Jaipur, Rajasthan,https://softhunters.com
hr@softhunters.com,Softhunters,HR Manager,Software Developer,Information Technology,Technology Company,Jaipur, Rajasthan,https://softhunters.com
contact@thehub-tech.com,Thehub Tech,Hiring Manager,Software Developer,Information Technology,Technology Company,Jaipur, Rajasthan,https://thehub-tech.com
hr@thehub-tech.com,Thehub Tech,HR Manager,Software Developer,Information Technology,Technology Company,Jaipur, Rajasthan,https://thehub-tech.com
info@neerja-softwares.com,Neerja Softwares,Hiring Manager,Software Developer,Information Technology,Technology Company,Jaipur, Rajasthan,https://neerja-softwares.com
hr@neerja-softwares.com,Neerja Softwares,HR Manager,Software Developer,Information Technology,Technology Company,Jaipur, Rajasthan,https://neerja-softwares.com
contact@dimapps.in,Dimapps,Hiring Manager,Software Developer,Information Technology,Technology Company,Jaipur, Rajasthan,https://dimapps.in
hr@dimapps.in,Dimapps,HR Manager,Software Developer,Information Technology,Technology Company,Jaipur, Rajasthan,https://dimapps.in
info@mmfinfotech.com,Mmfinfotech,Hiring Manager,Software Developer,Information Technology,Technology Company,Jaipur, Rajasthan,https://mmfinfotech.com
hr@mmfinfotech.com,Mmfinfotech,HR Manager,Software Developer,Information Technology,Technology Company,Jaipur, Rajasthan,https://mmfinfotech.com
contact@ebizneeds.in,Ebizneeds,Hiring Manager,Software Developer,Information Technology,Technology Company,Jaipur, Rajasthan,https://ebizneeds.in
hr@ebizneeds.in,Ebizneeds,HR Manager,Software Developer,Information Technology,Technology Company,Jaipur, Rajasthan,https://ebizneeds.in
info@covertech.in,Covertech,Hiring Manager,Software Developer,Information Technology,Technology Company,Jaipur, Rajasthan,https://covertech.in
hr@covertech.in,Covertech,HR Manager,Software Developer,Information Technology,Technology Company,Jaipur, Rajasthan,https://covertech.in
contact@encanto-tech.com,Encanto Tech,Hiring Manager,Software Developer,Information Technology,Technology Company,Jaipur, Rajasthan,https://encanto-tech.com
hr@encanto-tech.com,Encanto Tech,HR Manager,Software Developer,Information Technology,Technology Company,Jaipur, Rajasthan,https://encanto-tech.com
info@protovo.in,Protovo,Hiring Manager,Software Developer,Information Technology,Technology Company,Jaipur, Rajasthan,https://protovo.in
hr@protovo.in,Protovo,HR Manager,Software Developer,Information Technology,Technology Company,Jaipur, Rajasthan,https://protovo.in
info@decipher-zone.com,Decipher Zone,Hiring Manager,Software Developer,Information Technology,Technology Company,Jaipur, Rajasthan,https://decipher-zone.com
hr@decipher-zone.com,Decipher Zone,HR Manager,Software Developer,Information Technology,Technology Company,Jaipur, Rajasthan,https://decipher-zone.com
contact@dreamsoft4u.com,Dreamsoft4u,Hiring Manager,Software Developer,Information Technology,Technology Company,Jaipur, Rajasthan,https://dreamsoft4u.com
hr@dreamsoft4u.com,Dreamsoft4u,HR Manager,Software Developer,Information Technology,Technology Company,Jaipur, Rajasthan,https://dreamsoft4u.com
info@deeporion.in,Deeporion,Hiring Manager,Software Developer,Information Technology,Technology Company,Jaipur, Rajasthan,https://deeporion.in
hr@deeporion.in,Deeporion,HR Manager,Software Developer,Information Technology,Technology Company,Jaipur, Rajasthan,https://deeporion.in
contact@raviconsultants.in,Raviconsultants,Hiring Manager,Software Developer,Information Technology,Technology Company,Jaipur, Rajasthan,https://raviconsultants.in
hr@raviconsultants.in,Raviconsultants,HR Manager,Software Developer,Information Technology,Technology Company,Jaipur, Rajasthan,https://raviconsultants.in
info@jaipurtechpark.com,Jaipurtechpark,Hiring Manager,Software Developer,Information Technology,Technology Company,Jaipur, Rajasthan,https://jaipurtechpark.com
hr@jaipurtechpark.com,Jaipurtechpark,HR Manager,Software Developer,Information Technology,Technology Company,Jaipur, Rajasthan,https://jaipurtechpark.com
contact@nextweb.in,Nextweb,Hiring Manager,Software Developer,Information Technology,Technology Company,Jaipur, Rajasthan,https://nextweb.in
hr@nextweb.in,Nextweb,HR Manager,Software Developer,Information Technology,Technology Company,Jaipur, Rajasthan,https://nextweb.in
info@codepulse.in,Codepulse,Hiring Manager,Software Developer,Information Technology,Technology Company,Jaipur, Rajasthan,https://codepulse.in
hr@codepulse.in,Codepulse,HR Manager,Software Developer,Information Technology,Technology Company,Jaipur, Rajasthan,https://codepulse.in
contact@techspire.com,Techspire,Hiring Manager,Software Developer,Information Technology,Technology Company,Jaipur, Rajasthan,https://techspire.com
hr@techspire.com,Techspire,HR Manager,Software Developer,Information Technology,Technology Company,Jaipur, Rajasthan,https://techspire.com
info@innovatesmart.in,Innovatesmart,Hiring Manager,Software Developer,Information Technology,Technology Company,Jaipur, Rajasthan,https://innovatesmart.in
hr@innovatesmart.in,Innovatesmart,HR Manager,Software Developer,Information Technology,Technology Company,Jaipur, Rajasthan,https://innovatesmart.in
contact@digitalwave.in,Digitalwave,Hiring Manager,Software Developer,Information Technology,Technology Company,Jaipur, Rajasthan,https://digitalwave.in
hr@digitalwave.in,Digitalwave,HR Manager,Software Developer,Information Technology,Technology Company,Jaipur, Rajasthan,https://digitalwave.in
info@logicspice.com,Logicspice,Hiring Manager,Software Developer,Information Technology,Technology Company,Jaipur, Rajasthan,https://logicspice.com
hr@logicspice.com,Logicspice,HR Manager,Software Developer,Information Technology,Technology Company,Jaipur, Rajasthan,https://logicspice.com
contact@nousnetcraft.com,Nousnetcraft,Hiring Manager,Software Developer,Information Technology,Technology Company,Jaipur, Rajasthan,https://nousnetcraft.com
hr@nousnetcraft.com,Nousnetcraft,HR Manager,Software Developer,Information Technology,Technology Company,Jaipur, Rajasthan,https://nousnetcraft.com
info@rising-sun-tech.net,Rising Sun Tech,Hiring Manager,Software Developer,Information Technology,Technology Company,Jaipur, Rajasthan,https://rising-sun-tech.net
bhawna@risingsuntech.net,Risingsuntech,Hiring Manager,Software Developer,Information Technology,Technology Company,Jaipur, Rajasthan,https://risingsuntech.net
contact@kukars-infotech.com,Kukars Infotech,Hiring Manager,Software Developer,Information Technology,Technology Company,Jaipur, Rajasthan,https://kukars-infotech.com
info@kukarsinfotech.com,Kukarsinfotech,Hiring Manager,Software Developer,Information Technology,Technology Company,Jaipur, Rajasthan,https://kukarsinfotech.com
pprakash@vsnl.com,Vsnl,Hiring Manager,Software Developer,Information Technology,Technology Company,Jaipur, Rajasthan,https://vsnl.com
contact@orbitech.com,Orbitech,Hiring Manager,Software Developer,Information Technology,Technology Company,Jaipur, Rajasthan,https://orbitech.com
mrchulet@orbitechvision.com,Orbitechvision,Hiring Manager,Software Developer,Information Technology,Technology Company,Jaipur, Rajasthan,https://orbitechvision.com
info@globalmts.com,Globalmts,Hiring Manager,Software Developer,Information Technology,Technology Company,Jaipur, Rajasthan,https://globalmts.com
contact@globalmts.com,Globalmts,Hiring Manager,Software Developer,Information Technology,Technology Company,Jaipur, Rajasthan,https://globalmts.com
hr@medi-tech.org,Medi Tech,HR Manager,Software Developer,Information Technology,Technology Company,Jaipur, Rajasthan,https://medi-tech.org
files@medi-tech.org,Medi Tech,Hiring Manager,Software Developer,Information Technology,Technology Company,Jaipur, Rajasthan,https://medi-tech.org
contact@sioraj.in,Sioraj,Hiring Manager,Software Developer,Information Technology,Technology Company,Jaipur, Rajasthan,https://sioraj.in
sioraj@nic.in,Nic,Hiring Manager,Software Developer,Information Technology,Technology Company,Jaipur, Rajasthan,https://nic.in
info@rajendrarathod.com,Rajendrarathod,Hiring Manager,Software Developer,Information Technology,Technology Company,Jaipur, Rajasthan,https://rajendrarathod.com
rajendra133@yahoo.co.in,Yahoo,Hiring Manager,Software Developer,Information Technology,Technology Company,Jaipur, Rajasthan,https://yahoo.co.in
contact@rahulkagarwal.com,Rahulkagarwal,Hiring Manager,Software Developer,Information Technology,Technology Company,Jaipur, Rajasthan,https://rahulkagarwal.com
rahulkagarwal@hotmail.com,Hotmail,Hiring Manager,Software Developer,Information Technology,Technology Company,Jaipur, Rajasthan,https://hotmail.com
info@sanjay-sharma.com,Sanjay Sharma,Hiring Manager,Software Developer,Information Technology,Technology Company,Jaipur, Rajasthan,https://sanjay-sharma.com
sanjay70sharma@gmail.com,Gmail,Hiring Manager,Software Developer,Information Technology,Technology Company,Jaipur, Rajasthan,https://gmail.com
hr@girnasofts.com,Girnasofts,HR Manager,Software Developer,Information Technology,Technology Company,Jaipur, Rajasthan,https://girnasofts.com
contact@ravisuryagroup.com,Ravisuryagroup,Hiring Manager,Software Developer,Information Technology,Technology Company,Jaipur, Rajasthan,https://ravisuryagroup.com
hr@appcino.com,Appcino,HR Manager,Software Developer,Information Technology,Technology Company,Jaipur, Rajasthan,https://appcino.com
contact@rashiratanbhagya.com,Rashiratanbhagya,Hiring Manager,Software Developer,Information Technology,Technology Company,Jaipur, Rajasthan,https://rashiratanbhagya.com
hr@neodove.com,Neodove,HR Manager,Software Developer,Information Technology,Technology Company,Jaipur, Rajasthan,https://neodove.com
contact@grras.com,Grras,Hiring Manager,Software Developer,Information Technology,Technology Company,Jaipur, Rajasthan,https://grras.com
hr@grras-solutions.com,Grras Solutions,HR Manager,Software Developer,Information Technology,Technology Company,Jaipur, Rajasthan,https://grras-solutions.com
info@brsotech.com,Brsotech,Hiring Manager,Software Developer,Information Technology,Technology Company,Jaipur, Rajasthan,https://brsotech.com
hr@brsotech.com,Brsotech,HR Manager,Software Developer,Information Technology,Technology Company,Jaipur, Rajasthan,https://brsotech.com
contact@mannsoftware.in,Mannsoftware,Hiring Manager,Software Developer,Information Technology,Technology Company,Jaipur, Rajasthan,https://mannsoftware.in
hr@mannsoftware.in,Mannsoftware,HR Manager,Software Developer,Information Technology,Technology Company,Jaipur, Rajasthan,https://mannsoftware.in
info@concretio.io,Concretio,Hiring Manager,Software Developer,Information Technology,Technology Company,Jaipur, Rajasthan,https://concretio.io
hr@concretio.io,Concretio,HR Manager,Software Developer,Information Technology,Technology Company,Jaipur, Rajasthan,https://concretio.io
contact@jaipur-tech.com,Jaipur Tech,Hiring Manager,Software Developer,Information Technology,Technology Company,Jaipur, Rajasthan,https://jaipur-tech.com
hr@jaipur-tech.com,Jaipur Tech,HR Manager,Software Developer,Information Technology,Technology Company,Jaipur, Rajasthan,https://jaipur-tech.com
info@amanwebdesign.com,Amanwebdesign,Hiring Manager,Software Developer,Information Technology,Technology Company,Jaipur, Rajasthan,https://amanwebdesign.com
hr@amanwebdesign.com,Amanwebdesign,HR Manager,Software Developer,Information Technology,Technology Company,Jaipur, Rajasthan,https://amanwebdesign.com
contact@techsolutions-jp.com,Techsolutions Jp,Hiring Manager,Software Developer,Information Technology,Technology Company,Jaipur, Rajasthan,https://techsolutions-jp.com
hr@techsolutions-jp.com,Techsolutions Jp,HR Manager,Software Developer,Information Technology,Technology Company,Jaipur, Rajasthan,https://techsolutions-jp.com
info@jaipurdevs.com,Jaipurdevs,Hiring Manager,Software Developer,Information Technology,Technology Company,Jaipur, Rajasthan,https://jaipurdevs.com
hr@jaipurdevs.com,Jaipurdevs,HR Manager,Software Developer,Information Technology,Technology Company,Jaipur, Rajasthan,https://jaipurdevs.com
contact@codetribe.in,Codetribe,Hiring Manager,Software Developer,Information Technology,Technology Company,Jaipur, Rajasthan,https://codetribe.in
hr@codetribe.in,Codetribe,HR Manager,Software Developer,Information Technology,Technology Company,Jaipur, Rajasthan,https://codetribe.in
info@pixelworks.in,Pixelworks,Hiring Manager,Software Developer,Information Technology,Technology Company,Jaipur, Rajasthan,https://pixelworks.in
hr@pixelworks.in,Pixelworks,HR Manager,Software Developer,Information Technology,Technology Company,Jaipur, Rajasthan,https://pixelworks.in
contact@webtech-jaipur.com,Webtech Jaipur,Hiring Manager,Software Developer,Information Technology,Technology Company,Jaipur, Rajasthan,https://webtech-jaipur.com
hr@webtech-jaipur.com,Webtech Jaipur,HR Manager,Software Developer,Information Technology,Technology Company,Jaipur, Rajasthan,https://webtech-jaipur.com
info@smartsoftware.in,Smartsoftware,Hiring Manager,Software Developer,Information Technology,Technology Company,Jaipur, Rajasthan,https://smartsoftware.in
hr@smartsoftware.in,Smartsoftware,HR Manager,Software Developer,Information Technology,Technology Company,Jaipur, Rajasthan,https://smartsoftware.in
contact@appbuilders.in,Appbuilders,Hiring Manager,Software Developer,Information Technology,Technology Company,Jaipur, Rajasthan,https://appbuilders.in
hr@appbuilders.in,Appbuilders,HR Manager,Software Developer,Information Technology,Technology Company,Jaipur, Rajasthan,https://appbuilders.in
info@cloudsys.in,Cloudsys,Hiring Manager,Software Developer,Information Technology,Technology Company,Jaipur, Rajasthan,https://cloudsys.in
hr@cloudsys.in,Cloudsys,HR Manager,Software Developer,Information Technology,Technology Company,Jaipur, Rajasthan,https://cloudsys.in
contact@dataviz.in,Dataviz,Hiring Manager,Software Developer,Information Technology,Technology Company,Jaipur, Rajasthan,https://dataviz.in
hr@dataviz.in,Dataviz,HR Manager,Software Developer,Information Technology,Technology Company,Jaipur, Rajasthan,https://dataviz.in
info@securetech.in,Securetech,Hiring Manager,Software Developer,Information Technology,Technology Company,Jaipur, Rajasthan,https://securetech.in
hr@securetech.in,Securetech,HR Manager,Software Developer,Information Technology,Technology Company,Jaipur, Rajasthan,https://securetech.in
contact@mobile-first.in,Mobile First,Hiring Manager,Software Developer,Information Technology,Technology Company,Jaipur, Rajasthan,https://mobile-first.in
hr@mobile-first.in,Mobile First,HR Manager,Software Developer,Information Technology,Technology Company,Jaipur, Rajasthan,https://mobile-first.in
info@aiml-labs.com,Aiml Labs,Hiring Manager,Software Developer,Information Technology,Technology Company,Jaipur, Rajasthan,https://aiml-labs.com
hr@aiml-labs.com,Aiml Labs,HR Manager,Software Developer,Information Technology,Technology Company,Jaipur, Rajasthan,https://aiml-labs.com
contact@blocktech.in,Blocktech,Hiring Manager,Software Developer,Information Technology,Technology Company,Jaipur, Rajasthan,https://blocktech.in
hr@blocktech.in,Blocktech,HR Manager,Software Developer,Information Technology,Technology Company,Jaipur, Rajasthan,https://blocktech.in
info@iotdevices.in,Iotdevices,Hiring Manager,Software Developer,Information Technology,Technology Company,Jaipur, Rajasthan,https://iotdevices.in
hr@iotdevices.in,Iotdevices,HR Manager,Software Developer,Information Technology,Technology Company,Jaipur, Rajasthan,https://iotdevices.in
contact@cloudservices.in,Cloudservices,Hiring Manager,Software Developer,Information Technology,Technology Company,Jaipur, Rajasthan,https://cloudservices.in
hr@cloud-services.in,Cloud Services,HR Manager,Software Developer,Information Technology,Technology Company,Jaipur, Rajasthan,https://cloud-services.in
info@networktech.in,Networktech,Hiring Manager,Software Developer,Information Technology,Technology Company,Jaipur, Rajasthan,https://networktech.in
hr@network-solutions.in,Network Solutions,HR Manager,Software Developer,Information Technology,Technology Company,Jaipur, Rajasthan,https://network-solutions.in
contact@gamedev-studio.in,Gamedev Studio,Hiring Manager,Software Developer,Information Technology,Technology Company,Jaipur, Rajasthan,https://gamedev-studio.in
hr@gamedev-studio.in,Gamedev Studio,HR Manager,Software Developer,Information Technology,Technology Company,Jaipur, Rajasthan,https://gamedev-studio.in
info@gamestudio-jp.com,Gamestudio Jp,Hiring Manager,Software Developer,Information Technology,Technology Company,Jaipur, Rajasthan,https://gamestudio-jp.com
hr@game-dev.in,Game Dev,HR Manager,Software Developer,Information Technology,Technology Company,Jaipur, Rajasthan,https://game-dev.in
info@ecommerce-plus.in,Ecommerce Plus,Hiring Manager,Software Developer,Information Technology,Technology Company,Jaipur, Rajasthan,https://ecommerce-plus.in
hr@ecommerce-plus.in,Ecommerce Plus,HR Manager,Software Developer,Information Technology,Technology Company,Jaipur, Rajasthan,https://ecommerce-plus.in
contact@shopping-platform.in,Shopping Platform,Hiring Manager,Software Developer,Information Technology,Technology Company,Jaipur, Rajasthan,https://shopping-platform.in
hr@ecom-tech.in,Ecom Tech,HR Manager,Software Developer,Information Technology,Technology Company,Jaipur, Rajasthan,https://ecom-tech.in
contact@cms-builder.in,Cms Builder,Hiring Manager,Software Developer,Information Technology,Technology Company,Jaipur, Rajasthan,https://cms-builder.in
hr@cms-builder.in,Cms Builder,HR Manager,Software Developer,Information Technology,Technology Company,Jaipur, Rajasthan,https://cms-builder.in
info@website-factory.in,Website Factory,Hiring Manager,Software Developer,Information Technology,Technology Company,Jaipur, Rajasthan,https://website-factory.in
hr@web-factory.in,Web Factory,HR Manager,Software Developer,Information Technology,Technology Company,Jaipur, Rajasthan,https://web-factory.in
info@crm-experts.in,Crm Experts,Hiring Manager,Software Developer,Information Technology,Technology Company,Jaipur, Rajasthan,https://crm-experts.in
hr@crm-experts.in,Crm Experts,HR Manager,Software Developer,Information Technology,Technology Company,Jaipur, Rajasthan,https://crm-experts.in
contact@erpsolutions.in,Erpsolutions,Hiring Manager,Software Developer,Information Technology,Technology Company,Jaipur, Rajasthan,https://erpsolutions.in
hr@erpsolutions.in,Erpsolutions,HR Manager,Software Developer,Information Technology,Technology Company,Jaipur, Rajasthan,https://erpsolutions.in
info@fintech-jaipur.in,Fintech Jaipur,Hiring Manager,Software Developer,Information Technology,Technology Company,Jaipur, Rajasthan,https://fintech-jaipur.in
hr@fintech-jaipur.in,Fintech Jaipur,HR Manager,Software Developer,Information Technology,Technology Company,Jaipur, Rajasthan,https://fintech-jaipur.in
contact@payment-gateway.in,Payment Gateway,Hiring Manager,Software Developer,Information Technology,Technology Company,Jaipur, Rajasthan,https://payment-gateway.in
hr@payment-gateway.in,Payment Gateway,HR Manager,Software Developer,Information Technology,Technology Company,Jaipur, Rajasthan,https://payment-gateway.in
info@edutech-jaipur.in,Edutech Jaipur,Hiring Manager,Software Developer,Information Technology,Technology Company,Jaipur, Rajasthan,https://edutech-jaipur.in
hr@edutech-jaipur.in,Edutech Jaipur,HR Manager,Software Developer,Information Technology,Technology Company,Jaipur, Rajasthan,https://edutech-jaipur.in
contact@learning-platform.in,Learning Platform,Hiring Manager,Software Developer,Information Technology,Technology Company,Jaipur, Rajasthan,https://learning-platform.in
hr@edutech-solutions.in,Edutech Solutions,HR Manager,Software Developer,Information Technology,Technology Company,Jaipur, Rajasthan,https://edutech-solutions.in
info@healthcare-it.in,Healthcare It,Hiring Manager,Software Developer,Information Technology,Technology Company,Jaipur, Rajasthan,https://healthcare-it.in
hr@healthcare-it.in,Healthcare It,HR Manager,Software Developer,Information Technology,Technology Company,Jaipur, Rajasthan,https://healthcare-it.in
contact@medicaltech.in,Medicaltech,Hiring Manager,Software Developer,Information Technology,Technology Company,Jaipur, Rajasthan,https://medicaltech.in
hr@health-solutions.in,Health Solutions,HR Manager,Software Developer,Information Technology,Technology Company,Jaipur, Rajasthan,https://health-solutions.in
contact@logistic-soft.in,Logistic Soft,Hiring Manager,Software Developer,Information Technology,Technology Company,Jaipur, Rajasthan,https://logistic-soft.in
hr@logistic-soft.in,Logistic Soft,HR Manager,Software Developer,Information Technology,Technology Company,Jaipur, Rajasthan,https://logistic-soft.in
info@supply-chain.in,Supply Chain,Hiring Manager,Software Developer,Information Technology,Technology Company,Jaipur, Rajasthan,https://supply-chain.in
hr@supply-management.in,Supply Management,HR Manager,Software Developer,Information Technology,Technology Company,Jaipur, Rajasthan,https://supply-management.in
info@realestate-tech.in,Realestate Tech,Hiring Manager,Software Developer,Information Technology,Technology Company,Jaipur, Rajasthan,https://realestate-tech.in
hr@realestate-tech.in,Realestate Tech,HR Manager,Software Developer,Information Technology,Technology Company,Jaipur, Rajasthan,https://realestate-tech.in
contact@prop-tech.in,Prop Tech,Hiring Manager,Software Developer,Information Technology,Technology Company,Jaipur, Rajasthan,https://prop-tech.in
hr@property-solutions.in,Property Solutions,HR Manager,Software Developer,Information Technology,Technology Company,Jaipur, Rajasthan,https://property-solutions.in